{
    "stats": {
<<<<<<< HEAD
        "health": 0.0,
        "hunger": 0.0,
        "stamina": 12.978589057922364,
        "mood": 19.978591918945314,
        "money": 0.0,
        "knowledge": 65.0
    },
    "elapsedTime": 266034.71875,
    "currentDay": 3,
=======
        "health": 87.0,
        "hunger": 63.06444549560547,
        "stamina": 70.06444549560547,
        "mood": 78.06444549560547,
        "money": 1000.0,
        "knowledge": 65.0
    },
    "elapsedTime": 29133.623046875,
    "currentDay": 0,
>>>>>>> 5375be63a2d5cb780c67b09d580f01fdf6c20ca2
    "stockHoldings": [],
    "investments": [],
    "currentDebt": 50000.0,
    "lastInterestTime": 0.0,
<<<<<<< HEAD
    "completedAppTutorials": [
        "Laptop",
        "Casino"
    ]
=======
    "completedAppTutorials": []
>>>>>>> 5375be63a2d5cb780c67b09d580f01fdf6c20ca2
}